User ID,Username,First Name,Last Name
185429641,TatianaPromoExpert,Tatiana,Belousova
288761128,lkarpenko_pro,Liliia Karpenko,"‚Ä¢ AI, Chatbots ‚Ä¢ Automation"
1288682143,Feel_The_Coach,Feel Davydov,–ö–æ—É—á ICF | –ë–∏–∑–Ω–µ—Å | –î–µ–Ω—å–≥–∏ | –¶–µ–ª–∏
5151712606,bizon_bnb,–ò—Ä–∏–Ω–∞ –®–µ–≤—á–µ–Ω–∫–æ,BNB CLUB
1143584580,jurij_kuznec,–Æ—Ä–∏–π,–ö—É–∑–Ω–µ—Ü
183234691,Zvitaliy27,–í—ñ—Ç–∞–ª—ñ–π –ê–Ü,
385407118,amseurope,Andrey,Murintsev
785351412,EvzenS,Ev≈æen,
477116857,,Ed,
1025288860,sazonovoff,Igor,Sazonov
958359938,elenachyzyk77,Elena,Chyzhyk
246222052,katya_sedunova,Ekaterina,Sedunova
1290185401,saza_design_studio,Olga,Design Interior
276099123,Juli_art1,Juli ‚òïÔ∏è,
412881667,fitanuta,Anna,Zadorozhnia
291066682,vladislav_maltcev,Vladislav,Maltcev
472660327,abramovakari,Karina,
718943273,VictoriaADavydova,Victoria,
5926495322,,–ú–∞—Ä–∏–Ω–∞,–õ—ñ—à–∫–æ–≤–∞
6890206721,Iryna_BNB,Iryna,
1194259905,romashko_invest,@romashko_invest,–ù–æ–≤–æ—Å—Ç—Ä–æ–π–∫–∏ –ï–≤—Ä–æ–ø–∞/–Æ–í–ê/–ì—Ä—É–∑–∏—è/–û–ê–≠
7912828233,bnb_club1,–û–ª—å–≥–∞ BNB Business Club,
6087654319,Milovidov_Ruslan,R,M
589945206,Dmytr002,Dmytro,
413028936,staysii,Anastasiaüíé,
392016039,m0ntecarlo,monte carlo,
475383309,VladimirP0t,Vladimir,Potapov
369117784,nastiladan,Anastasia,Ladan
230475016,bravokosta,Bravo Constantin,
5758158884,,Roman,
658101070,stupak_oksana_ua,–û–∫—Å–∞–Ω–∞,–°—Ç—É–ø–∞–∫
847651162,stroy17kh,Vitalii,Tymoshenko
656529354,LiudmilaHAPPINESS,Liudmila,Ceveleva
1228574456,svetlana4ka84,Svitlana,Tarasova
2036905038,,Anna,
7887156046,BNB_CLUB_EU1,–ê–ª–µ–Ω–∞ BNB,Business Club
583652429,Vitaxa1908,–í–∏—Ç–∞–ª–∏–π,
780809619,,–ö—Ä–∏—Å—Ç–∏–Ω–∞,–í–∏—Å–∏–Ω–≥–∏—Ä–∏–µ–≤–∞
445391488,elenanesterovaphoto,Elena,Nesterova Photo
865607635,Dr_Glebov,Dmitriy,Glebov
393932606,kungfu_lesya,Olesya,
999004400,Serhijmarikutsa,–°–µ—Ä–≥–µ–π,–ú–∞—Ä–∏–∫—É—Ü–∞
489833961,akulovoleg1,Oleg,Akulov
425305817,obulatnikov,Oleksandr,Bulatnikov
395559305,,–ê–Ω–∞—Ç–æ–ª–∏–π,
497760475,irina_tobe,–ò—Ä–∏–Ω–∞,–ì—Ä–µ–±–µ–Ω—é–∫
165831123,AnastasiaKurandina,Anastasia,Kurandina
150751181,ig_lb87,Igor,
458587349,chornobai1,Vitaliy,Chornobai
1603897810,solncebelk,Lidia,
190528625,Anna_Sharykina,Anna,Sharykina
5230921230,yanina_danish_psychologist,Yanina,Danish
6230803570,,Sa≈°a,‚òïÔ∏è–ø–æ–¥–∞–∂ –∫–∞–≤–∏
226364209,zhanna_avgust,Zhanna,Avgust
5403560027,alex_sonat,Alex SoNat,
1039056770,Rustam120785,–†—É—Å–ª–∞–Ω,
755692225,grigoryarsentev,Grigorii Arsentev,
1789030590,SivValerii,S Valerii,"- CFO, Business consultant"
1282964962,r_chill13,Roman,
455436612,Natalya_denysyeva,Natalya,Denysyeva
924334549,m_mariiaaaaaa,Mariia,
1701041210,,demian,kondratiuk
898344524,,Roma,
1575719870,alinkamojs,Alina,Moj≈°ov√°
678784247,,Oleksandra,Lukaniuk
856639332,olaf_mat,Olaf,
481050465,AlexandraTerelya,Alexandra,Terelya
5385275913,SergeyValt,–°–µ—Ä–≥–µ–π,
762024573,nauari,Arina,Ushakova
511217118,Dima_sn_067,Dmytro,
559749256,,–õ–µ–æ–Ω–∏–¥,
1190205686,,–Ω–∞—Ç–∞–ª–∏—è,
6952362210,amus26,Alex,Paytion finance
452940361,,Oxana,Sorokina
2082395892,,–ê–ª–µ–Ω–∞,–Æ–¥–∏–Ω–∞
431867845,,Sergiy,
93826062,,Antonüéì(Safeüá∫üá¶),–ê—Ä–±–∏—Ç—Ä–∞–∂
479619435,tvoya_Nadiia,Nadiia,
1929275505,guly_cz,Guly,Gulnara Gulieva
583125412,Rudoman02,–ò—Ä–∏–Ω–∞,
1591794812,mentoron_assistant,MentorOn assistant,MentorOn offline
645095671,OlgaSvob,Olga,Svobodova
861322834,katyasherbina,–ö–∞—Ç–µ—Ä–∏–Ω–∞ –©–µ—Ä–±–∏–Ω–∞,–õ–∏—á–Ω—ã–π –ë—Ä–µ–Ω–¥
977201261,,Liudmyla,–õ—é–¥–º–∏–ª–∞
51784790,alexprg,Alexandr,
5045752485,,Elena,
251743363,,Olga,
469388524,alina12ad,–ê–Ω–≥–µ–ª–∏–Ω–∞,
483611518,bil1313,Igor,
735933021,ira_whale,Ira,
367963109,Pavinrs,Roman,
1447238973,Melnichs,–ú–µ–ª—å–Ω–∏—á—É–∫,–°–µ—Ä–≥–µ–π
513089126,olga_gorodezki,Olga,Zerenkov
393747745,avd108,–ê—Ä—Ç–µ–º,–ü—Ä–æ—Ü–µ–Ω–∫–æ
1139837865,,Dmytro,Babeshko
763845323,kuslevic,Tomas,Kuslevic
7023912654,realtor_Praha,Nataliia,Hontar
532866983,p_denis1,–î–µ–Ω–∏—Å,
1854353300,nikolai_ENV,Nikolai Elenevich,
1683218004,happylucky321,Istvan,
7395282766,,Munise,s.r.o.
6727071424,Ivan_VND,Ivan,V
2040799271,,WolfPower,
385434826,mensageiro_PRG,A,G
295936601,Volodymyr_Onishchenko,Volodymyr,Onishchenko
1033257486,Gatini_I,–ü–∞–Ω—Ç—é—à–∏–Ω–∞ –ò—Ä–∏–Ω–∞*–ü—Ä–∞–≥–∞,
704320880,,Anna,
345994479,,Anna,
1164489434,Elena_realestate_finance,Elena,Chinenkova
1125882539,tiniakovivan,Ivan,
961951166,Semirus26,Maxim,
5284790085,Anastassiya_Try,–ê–Ω–∞—Å—Ç–∞—Å–∏—è,–¢—Ä—ã
145542357,AlevtinaKavt,Alevtina,Kavtreva
2065490354,KseniaRemizovaTkalich,Ksenia,Remizova-Tkalich
58675305,Tori_master,Tori,Master
290366517,mmnt_vivere,Tatiana,
436961419,masagutoff,Artur,Masagutov
896754492,MARBIDUL,–°–µ—Ä–≥–µ–π –ë–ª–∞–∂–µ–≤–∏—á,–≤–Ω–µ–¥—Ä–µ–Ω–∏–µ –ò–ò –≤ B2B
959139059,Larysa_Mykhailenko,–õ–∞—Ä–∏—Å–∞,–ú–∏—Ö–∞–π–ª–µ–Ω–∫–æ
5122262394,jdjdudisiwk,–ê–ª–µ–∫—Å–µ–π,
294645547,chronomic,chronomic,
507563878,AndrijCalyj,Andrij,ƒåalyj
518570213,,–ú–∏—Ö–∞–∏–ª,–î—å—è–∫–æ–≤
400125925,nataliefaryna,Nathalie,
6407723571,,Michala,Bastin
256263160,neTpyceB,Vadim,Dubois
632595925,,Vikram,Sachdeva
527336372,BorisPogorelskiy,Boris,Pogorelskiy
684147290,Dmitriy_sev,–î–º–∏—Ç—Ä–∏–π,
498112451,RW_Beauty_Equipment,Roman,Wittmann
338986398,Oleg_Martinets,Oleg,Martinez
734206409,,Serega,
201175396,NataliaKulakova,Natalia ü¶à,Kulakova
503375614,missonmillion,Anna,Molnar
539757204,KateKV,Ekaterina,
1130402582,ja_natalie,Nat√°lie,Pech√°ƒçov√°
713509348,KolesnykMax,Max,Kolesnyk
607442807,oksana_vashova,Oksana,Va≈°ova
174047458,User_ErikB,Erik.,EdTech.
780322519,venus_roberts,Venera,
498972590,nbas10,Narina,
628360945,yulchykkk,Yuliia,
7046512028,torybytorro,Tory Torro,
461859754,ch_liza,Elizaveta,
706716157,natparf0712,–ù–∞—Ç–∞–ª–∏—è,–ü–∞—Ä—Ñ—ë–Ω–æ–≤–∞
187986252,IVAN_CZ86,Ivan,
105716117,igor_ziz,Igor,Ziz
867340796,mazur_consult,–¢–µ—Ç—è–Ω–∞ –ú–∞–∑—É—Ä,
468668448,khoroshun2000,Vasili,Kharashun
5396097903,Winner_Forever05,Dima,
340702180,lizkleimenova,Liza,Kleimenova
460931972,neumannova,Olexandra,Neumannov√°
457940956,AhramakovaNataliia,–ù–∞—Ç–∞–ª—å—è,–ê–≥—Ä–∞–º–∞–∫–æ–≤–∞ | CEO AI-Schoool
235170657,Maxim_mreality,Maxim,Startsev
538527973,,–ü–µ—Ç—Ä,–ö–æ–Ω–æ–Ω–µ–Ω–∫–æ
711150139,Olgaisaieva,Olga,Isaieva
1381283087,SAkentyev,Sergey,Akentyev
6580566355,,A,N
36663186,SurkovaVasileva,Natalia,
771802610,,–û–ª—å–≥–∞,
222376181,el_archangel,Michail,Archangelski
710004768,nastivuk,Nastivuk,–ê–Ω–∞—Å—Ç–∞—Å–∏—è –§—É—Ä—Å–µ–Ω–∫–æ
1028206207,kristinarefa,Kristina,
483379631,,–ê–ª–µ–∫—Å–µ–π,–ú–∞—Ç—é—à–µ–Ω–∫–æ
352696560,tnna_annt,Ann,Temnenko
711530816,,Marija,≈†makova
138163446,Anna_Klmv,Anna,
82376723,Vlmvlm1,Vladimir,M
2105730003,,Svetlana,
447092140,Grigorii_Stepanenko,–ì—Ä–∏–≥–æ—Ä–∏–π,–°—Ç–µ–ø–∞–Ω–µ–Ω–∫–æ
5146238037,,Bohdana,
6092196587,aliaksandrkv,Aleksandr,
497438868,vovamadison,–í–æ–ª–æ–¥–∏–º–∏—Ä,–ú–∞–¥—ñ—Å–æ–Ω
763137915,snazerr,–≤–ª–∞–¥–∏—Å–ª–∞–≤,
556681960,,Svetlana,Dashkevych
877115511,nataliavorozhtsova,Natalia,Vorozhtsova
5417846338,oleg_ssh,Oleg,Stepeniev
853607904,gladkovane,Natalia,Gladkova
776723783,Billionaire_billions,Mr. Sunches,
778687433,Eugenia_lux07,Eugenia,
775498365,a_anaskin,–ê—Ä—Å–µ–Ω–∏–π,–ê–Ω–∞—à–∫–∏–Ω
581192365,valuevadaria,Daria,
833654086,Daria_hereiam,Daria,_
1529328534,,–Æ—Ä—ñ–π,
956769486,alpacino84848,Alpacino,
5064890631,Shkurina88,Hanna Shkurina,
511089653,vealima,Andrii Levkivskyi,
1814694342,,Inna,
703773918,Inn_Invest20,Inna,Invest
533184234,Iryna_O,IRYNA,Iryna
1445583560,Olia368,Olga,
353889314,vladi3223,Vladislav,Glinskiy
526509125,dima_bizness,DMITRIJ,Kaliuzhnyi
382027312,PandaPetr93,–ü–µ—Ç—Ä,–ò—Å–∞–∫–æ–≤
493981382,fata_morgana888,Fata_Morgana,
237875312,AnaMia000000,Anastasiya,Mia
7039088564,,Prav√° Soln√°,Jeskynƒõ
1101823211,hanna_tanchynets,Anya,Tanchynets
603850099,S_Ka_te,Katerina,Serova
6075550233,Saymon993,Opalenyk,Oleksandr
